# Source: supplied Ambition Law Academy Hindu Law MCQ pages 1-7. Columns: original number|question|ক|খ|গ|ঘ|correct index (0-3)
1|হিন্দু দায়ভাগ আইন অনুযায়ী নিম্নের কোন ব্যক্তি সম্পত্তি পায়?|বোনের পুত্র|ভাইয়ের পুত্র|পুত্র|সকলেই|3
2|হিন্দু আইনে অনুমোদিত বিবাহ কত প্রকার?|৩ প্রকার|৪ প্রকার|২ প্রকার|৫ প্রকার|1
3|হিন্দু বিধবার বিয়ে নিম্নের কোন আইন দ্বারা নিয়ন্ত্রিত হয়?|The Hindu Woman Marriage Ceremonies Act, 1856|The Hindu Woman Marriage Act, 1856|The Hindu Woman Re-Marriage Act, 1856|The Hindu Widow's Re-Marriage Act, 1856|3
4|হিন্দু আইনের মতবাদ কয়টি?|মিতাক্ষরা|দায়ভাগ|ক ও খ উভয়ই|মিথিলা|2
5|হিন্দু আইন হলো—|বাংলাদেশী আইন|আঞ্চলিক আইন|ভারতীয় আইন|ব্যক্তিগত আইন|3
6|কোন ব্যক্তি হিন্দু হতে পারে?|জন্মসূত্রে|ধর্মান্তরিত হয়ে|ধর্ম ত্যাগ করে|ক এবং খ উভয়|3
7|হিন্দু আইনে ফ্যাক্টাম ভ্যালেন্ট নীতির প্রবর্তক কে?|নারদ|যাজ্ঞবল্ক্য|জীমূতবাহন|মনু|2
8|নিম্নলিখিত কার ক্ষেত্রে হিন্দু আইন প্রযোজ্য?|যারা হিন্দু ধর্মে বিশ্বাস স্থাপন করেছে|শুধু জন্মসূত্রে যারা হিন্দু|অবৈধ সন্তান, যার পিতা খ্রিস্টান ও মাতা হিন্দু এবং যে হিন্দু হিসাবে লালিত হয়েছে|উপরের সবকটি|3
9|হিন্দু আইনের মতবাদ কয়টি?|১টি|৩টি|২টি|৪টি|2
10|হিন্দু আইনের মতবাদ দুটি কী কী?|মিতাক্ষরা|দায়ভাগ|ক এবং খ উভয়|মিথিলা|2
11|বাংলাদেশে হিন্দুরা কোন মতপথের অন্তর্ভুক্ত?|দায়ভাগ মতবাদ|মিতাক্ষরা মতবাদ|ক এবং খ উভয়|উপরের কোনোটিই নয়|0
12|দায়ভাগ মতবাদ নিম্নলিখিত কোন কোন এলাকায় প্রযোজ্য?|ভারতের পশ্চিমবঙ্গ|বাংলাদেশ|ক এবং খ উভয়|পশ্চিমবঙ্গ ব্যতীত ভারতের অন্যান্য অংশে|2
13|মিতাক্ষরা মতবাদ নিম্নলিখিত কোন এলাকায় প্রযোজ্য?|বাংলাদেশ|পশ্চিমবঙ্গ ব্যতীত ভারতের অন্যান্য অংশে|ক এবং খ উভয়|ভারতের পশ্চিমবঙ্গ|1
14|মিতাক্ষরা আইনে উত্তরাধিকার সম্পর্কে কোন তথ্যটি সঠিক?|পুত্র জন্মগ্রহণের মাধ্যমে পৈতৃক সম্পত্তিতে কোনো স্বার্থ অর্জন করে না|পিতার মৃত্যুর পর পুত্র উত্তরাধিকারী হিসাবে সেই সম্পত্তি গ্রহণ করে|প্রত্যেক পুত্র জন্মগ্রহণের সাথে সাথে তার পিতার সঙ্গে পৈতৃক সম্পত্তিতে সমান স্বার্থের অধিকারী হয়|খ এবং গ উভয়|3
15|দায়ভাগ আইনে উত্তরাধিকার সম্পর্কে কোন তথ্যটি সঠিক?|পুত্র জন্মগ্রহণের মাধ্যমে পৈতৃক সম্পত্তিতে কোনো স্বার্থ অর্জন করে না|প্রত্যেক পুত্র জন্মগ্রহণের সাথে সাথে পিতার সঙ্গে সমান স্বার্থের অধিকারী হয়|পিতার মৃত্যুর পর পুত্র উত্তরাধিকারী হিসাবে সম্পত্তি গ্রহণ করে|ক এবং গ উভয়|3
16|মিতাক্ষরা মতে নিম্নলিখিত কোন অনুমানটি সঠিক?|যৌথ পরিবারের কোনো সদস্য সম্পত্তি অর্জন করলে তা তাঁর নিজের সম্পত্তি বলে ধরে নেওয়া হয় না|যৌথ পরিবারের কোনো সদস্য সম্পত্তি অর্জন করলে তা তাঁর নিজের সম্পত্তি বলে ধরে নেওয়া হয়|যৌথ পরিবারের কোনো সদস্য সম্পত্তি অর্জন করলে তা যৌথ পরিবারের সম্পত্তি বলে ধরে নেওয়া হয়|উপরের কোনোটিই নয়|2
17|দায়ভাগ মতে নিম্নলিখিত কোন অনুমানটি সঠিক?|যৌথ পরিবারের কোনো সদস্য সম্পত্তি অর্জন করলে তা তাঁর নিজের সম্পত্তি বলে ধরে নেওয়া হয়|যৌথ পরিবারের কোনো সদস্য সম্পত্তি অর্জন করলে তা যৌথ পরিবারের সম্পত্তি বলে ধরে নেওয়া হয়|এটি প্রমাণের ওপর নির্ভর করে|উপরের কোনোটিই নয়|0
18|হিন্দু আইনের অন্যতম প্রথম উৎস হলো কী?|প্রথা (Custom)|নিবন্ধ (Commentaries)|স্মৃতি (Smriti)|শ্রুতি (Smruti)|2
19|ফ্যাক্টাম ভ্যালেন্ট (Factum Valet) নীতির প্রবর্তক কে?|জীমূতবাহন|যাজ্ঞবল্ক্য|নারদ|মনু|0
20|হিন্দু আইনে বিবাহ প্রধানত কয় প্রকার?|২ প্রকার|৩ প্রকার|৪ প্রকার|৫ প্রকার|0
21|একজন হিন্দু তার সাথে আইনের বহন করে কি?|আইন বহন করে|আইন বহন করে না|আংশিক আইন বহন করে|উপরের কোনোটিই নয়|0
22|হিন্দু আইনে বিবাহ একটি—|দেওয়ানি চুক্তি|ধর্মীয় আচার অনুষ্ঠান|সামাজিক স্বীকৃতি|উপরের সবকটি|1
24|হিন্দু আইনে অনুমোদিত বিবাহ প্রধানত কত প্রকার?|৩ প্রকার|৪ প্রকার|২ প্রকার|৫ প্রকার|1
25|হিন্দু আইনের অন্যতম প্রথম উৎস কোনটি?|শ্রুতি|স্মৃতি|প্রথা|নিবন্ধ|1
26|কোনো কিছুর বিনিময় ছাড়া বরের হাতে কন্যা সম্প্রদান হিন্দু আইনে কী বিবাহ নামে পরিচিত?|প্রজাপত্য|দৈব|অর্শ|ব্রহ্ম|3
27|হিন্দু আইনে কে একমাত্র পিণ্ডদান করতে পারে?|পিতা-মাতা|কন্যা সন্তান|পুত্র সন্তান|উপরের কোনোটিই নয়|2
28|সনাতন হিন্দু আইনে বিবাহবিচ্ছেদ ও পুনর্বিবাহ কি স্বীকৃত?|স্বীকৃত|স্বীকৃত নয়|আংশিক স্বীকৃত|উপরের কোনোটিই নয়|1
30|হিন্দু আইনে স্ত্রীর ধন বলতে কী বোঝায়?|কনের পিতার সম্পত্তি|কনের মাতার সম্পত্তি|কনের সম্পত্তি বা স্ত্রীধন|উপরের সবকটি|2
31|হিন্দু আইনে বিবাহ একটি—|দেওয়ানি চুক্তি|ধর্মীয় আচার অনুষ্ঠান|সামাজিক স্বীকৃতি|ক ও খ উভয়|1
32|সনাতন হিন্দু আইনের নিয়ম অনুযায়ী কোন পুরুষ বিবাহ করতে পারে না?|একই গোত্রের|নিষিদ্ধ সম্পর্কের সাথে সম্পর্কিত|সপিণ্ড|উপরের সবকটি|3
33|হিন্দুদের মধ্যে কোন বিবাহ বৈধ, যেখানে বিবাহকারীরা একই বর্ণের নয়?|The Hindu Women Marriage Ceremonies Act, 1856|The Hindu Women Marriage Act, 1856|The Hindu Widow's Re-Marriage Act, 1856|The Hindu Marriage Disabilities Removal Act, 1946|3
35|কোনো পুরুষ কোন মহিলাকে বিবাহ করতে পারে না যদি ঐ মহিলা তার পিতার দিক থেকে কত পুরুষের মধ্যে অন্তর্গত ব্যক্তি হয়?|৫ম অধস্তন|৭ম অধস্তন|৬ষ্ঠ অধস্তন|উপরের কোনোটিই নয়|1
36|দায়ভাগ আইন অনুযায়ী কোন পুরুষ কোন মেয়েকে বিবাহ করতে পারে না যদি মেয়ের মাতামহের দিক থেকে কত পুরুষের মধ্যে অন্তর্গত ব্যক্তি হয়?|৭ম অধস্তন|৪র্থ অধস্তন|৬ষ্ঠ অধস্তন|৫ম অধস্তন|3
37|হিন্দু আইন অনুসারে কোন সময় একজন হিন্দু নারী তার স্ত্রীধন নিজের ইচ্ছানুসারে হস্তান্তর করতে পারে?|কুমারী অবস্থায়, যদি নাবালিকা না হয়|বিধবা অবস্থায়|স্বামীর তত্ত্বাবধানে থাকাবস্থায়|উপরের সবকটি|3
38|সনাতন হিন্দু আইনে বিবাহবিচ্ছেদের কোন বিধান আছে?|বিচ্ছেদের কোনো বিধান আছে|বিচ্ছেদের কোনো বিধান নেই|কিছু বিচ্ছেদের বিধান আছে|উপরের কোনোটিই নয়|1
39|নিম্নলিখিত কোন কারণে হিন্দু বিবাহ বিচ্ছেদ হতে পারে?|ব্যভিচার বা বেশ্যাবৃত্তি|বর্ণচ্যুতি|ধর্ম পরিবর্তন|উপরের সবকটি|2
40|কোন হিন্দু পুরুষ তার স্ত্রীর বিরুদ্ধে দাম্পত্য সম্পর্ক পুনঃপ্রতিষ্ঠার মামলা করতে পারে?|দাম্পত্য সম্পর্ক পুনঃপ্রতিষ্ঠার মামলা করতে পারে না|দাম্পত্য সম্পর্ক পুনঃপ্রতিষ্ঠার মামলা করতে পারে|দাম্পত্য সম্পর্ক পুনঃপ্রতিষ্ঠার মামলা ভিত্তি নেই|উপরের কোনোটিই নয়|1
41|ঋষি মনু স্ত্রীধন বলতে কত ধরনের সম্পত্তিকে উল্লেখ করেছেন?|৩ ধরনের|৪ ধরনের|৬ ধরনের|৫ ধরনের|2
42|হিন্দু আইনে নিম্নলিখিত কোন সম্পত্তিগুলো স্ত্রীধন হিসেবে বিবেচিত হবে?|স্নেহ-ভালোবাসার নিদর্শন হিসেবে প্রাপ্ত উপহার|স্ত্রীধন|পিতা বা মাতা বা ভ্রাতা প্রদত্ত উপহার|উপরের সবকটি|3
44|হিন্দু আইনে দত্তক গ্রহণ করা যায় কাকে?|যে কোনো সন্তানকে|কন্যা সন্তানকে|পুত্র সন্তানকে|উপরের সবকটি|2
45|অনাত্মীয়ের কাছ থেকে প্রাপ্ত দান বা উপহার, যা কলাকৌশলের মাধ্যমে অর্জিত, কী?|অ-সৌদায়িক স্ত্রীধন|মহিলার সম্পত্তি|সৌদায়িক স্ত্রীধন|উপরের সবকটি|0
47|হিন্দু আইনে স্ত্রীধন সম্পর্কে নিম্নলিখিত কোন তথ্যটি সঠিক?|উক্ত সম্পত্তির ওপর মহিলার একচ্ছত্র মালিকানা অর্জিত হয়|মহিলা এমন সম্পত্তি ইচ্ছানুসারে হস্তান্তর করতে পারে|ক এবং খ উভয়|এমন সম্পত্তির ক্ষেত্রে মহিলা শুধুমাত্র সীমিত স্বার্থ অর্জন করে|2
48|স্ত্রীধন নয় এমন সম্পত্তির ক্ষেত্রে নিম্নলিখিত কোন তথ্যটি সঠিক?|মহিলা শুধুমাত্র জীবন-স্বত্ব অর্জন করে|মহিলা সীমিত স্বার্থ অর্জন করে|ক এবং খ উভয়|উক্ত সম্পত্তির ওপর মহিলার একচ্ছত্র মালিকানা অর্জিত হয়|2
49|কুমারী অবস্থায় কোন হিন্দু মহিলা তার স্ত্রীধন—|স্বামীর অনুমতি ছাড়া হস্তান্তর করতে পারে না|যদি নাবালিকা হয়, তাহলে বৈধ অভিভাবক ছাড়া হস্তান্তর করতে পারে না|নিজের খেয়ালখুশিমতো হস্তান্তর করতে পারে|খ এবং গ উভয়|3
50|স্বামীর অধীনে থাকাবস্থায় মহিলা তার স্ত্রীধন—|স্ত্রীধনের উৎসের ওপর নির্ভর করে|হস্তান্তর করতে পারবে কিনা তা সম্পত্তির প্রকৃতির ওপর নির্ভর করে|ক এবং খ উভয়|খেয়ালখুশিমতো হস্তান্তর করতে পারে|2
51|স্নেহের নিদর্শন হিসেবে নববধূকে বিয়ের সময় আত্মীয় কর্তৃক প্রদত্ত উপহার হলো—|মহিলার সম্পত্তি|অ-সৌদায়িক স্ত্রীধন|সৌদায়িক স্ত্রীধন|উপরের কোনোটিই নয়|2
52|স্বামীর অধীনে থাকাবস্থায় কোন নারী স্বামীর অনুমতি ছাড়া নিজের ইচ্ছানুসারে কোন ধরনের সম্পত্তি হস্তান্তর করতে পারে?|অ-সৌদায়িক স্ত্রীধন|সৌদায়িক স্ত্রীধন|মহিলার সম্পত্তি|উপরের সবকটি|1
54|হিন্দু আইনে একজন হিন্দু মহিলা তার বিধবা অবস্থায় স্ত্রীধন—|শুধুমাত্র উত্তম কাজে হস্তান্তর করতে পারে|স্বামীর অনুমতি ছাড়া হস্তান্তর করতে পারবেন না|নিজের ইচ্ছানুসারে হস্তান্তর করতে পারে|উপরের কোনোটিই নয়|2
55|নিম্নের কোন কারণে হিন্দু বিবাহ বিচ্ছেদ হতে পারে?|বর্ণচ্যুতি|ব্যভিচার|ধর্ম পরিবর্তন|উপরের সবকটি|2
56|স্ত্রী উত্তরাধিকারসূত্রে স্বামীর নিকট হতে যে সম্পত্তি অর্জন করে তা কী?|স্ত্রীধন|বিধবার সম্পত্তি|উত্তরাধিকারী সম্পত্তি|নারীর বা মহিলার সম্পত্তি|1
57|কোন বিবাহিতা মহিলা বাবার কাছ থেকে উত্তরাধিকারসূত্রে সম্পত্তি লাভ করলে তা কী নামে পরিচিত?|উত্তরাধিকারী সম্পত্তি|স্ত্রীধন|নারীর বা মহিলার সম্পত্তি|বিধবার সম্পত্তি|2
58|বিধবার সম্পত্তিতে হিন্দু মহিলা কোন ধরনের স্বার্থ অর্জন করে?|শুধুমাত্র জীবন-স্বত্ব|সীমিত স্বার্থ|ক এবং খ উভয়|চূড়ান্ত মালিকানা|2
60|উত্তরাধিকারসূত্রে অর্জিত সম্পত্তি হিন্দু মহিলা কোন কারণে হস্তান্তর করতে পারে?|আইনগত প্রয়োজনে|ধর্মীয় বা দাতব্য উদ্দেশ্যে|সম্পত্তির হিতার্থে|উপরের সবকটি|3
61|একজন মহিলা আইনগত প্রয়োজনে স্বামীর সম্পত্তি বিক্রি করতে পারেন কি?|আংশিক বিক্রি করতে পারে|বিক্রি করতে পারে না|বিক্রি করতে পারে|উপরের কোনোটিই নয়|2
62|স্বামীর নিকট থেকে উত্তরাধিকারসূত্রে প্রাপ্ত সম্পত্তি কিসের মাধ্যমে হস্তান্তর করতে পারে?|বিক্রয়|উইল|বন্ধক|দান|1
63|আইনগত প্রয়োজন বা পরবর্তী উত্তরাধিকারীদের সম্মতি ছাড়া সম্পত্তি লেনদেন করলে কী হবে?|শুধু মহিলার স্বার্থের ক্ষেত্রেই প্রযোজ্য হবে|পরবর্তী উত্তরাধিকারীদের ওপর প্রযোজ্য হবে না|ক এবং খ উভয়|পরবর্তী উত্তরাধিকারীদের ওপর প্রযোজ্য হবে|2
64|প্রাচীন হিন্দু আইন কত প্রকারের দত্তক পুত্রের স্বীকৃতি দিয়েছে?|২ প্রকার|৩ প্রকার|৫ প্রকার|৪ প্রকার|2
65|কোন ধর্মগ্রন্থ থেকে হিন্দু ধর্মের উদ্ভব?|পুরাণ|বেদ|গীতা|উপনিষদ|1
66|হিন্দু আইনে উত্তরাধিকারদের ব্যাপারে কয়টি মতবাদ?|২টি|৩টি|৪টি|৭টি|0
67|হিন্দু আইনের বিধান অনুযায়ী কত বয়সের কোনো পুরুষ পুত্রকে দত্তক গ্রহণ করতে পারে?|১৮ বছরের বয়সের পূর্বে|পৈতা গ্রহণের পূর্বে|উপনয়নের পূর্বে|খ এবং গ উভয়|3
68|নিম্নলিখিত কোন আইনে দত্তক অনুমোদিত?|হিন্দু আইন|মুসলিম আইন|পারসি আইন|আঞ্চলিক আইন|0
69|হিন্দু আইন অনুযায়ী দত্তক গ্রহণ করা যায়—|একমাত্র মেয়ে শিশুকে|যে কোনো শিশুকে|একমাত্র পুরুষ পুত্রকে|উপরের সবকটি|2
70|হিন্দু আইন অনুযায়ী নিম্নলিখিত কোন ধরনের পুরুষ পুত্রকে দত্তক গ্রহণ করা যায় না?|মূক ও বধির পুত্র|এমন বোনের বালক, যার মাতাকে দত্তক গ্রহণকারী পিতা বৈধভাবে বিবাহ করতে পারে না|নাবালককে|ক এবং খ উভয়|3
71|হিন্দু আইনের বিধান অনুযায়ী দত্তক গ্রহণের ক্ষেত্রে দত্তকপুত্রের অধিকার সম্পর্কে কোন তথ্যটি সঠিক?|প্রকৃত পরিবারে অধিকার হারায়|দত্তকগ্রহীতার পরিবারে প্রকৃত বৈধ সন্তানের মতো সব সুবিধা অর্জন করে|দত্তকগ্রহণকারী পরিবারে প্রকৃত পুত্রের মতো পিতা-মাতার দিক থেকে উত্তরাধিকারী হয়|উপরের সবগুলো|1
72|নিম্নলিখিত কোনটি কোনো হিন্দু পুরুষ দত্তক গ্রহণের যোগ্য কিনা তা নির্ধারণে পূর্বশর্ত নয়?|অবশ্যই বিবাহিত হতে হবে|সাবালকত্ব|বোধ বুদ্ধিসম্পন্ন কিনা|কিছু ক্ষেত্রে স্ত্রী-এর সম্মতি|0
73|হিন্দু আইনের বিধান অনুযায়ী হিন্দু ব্যক্তির ভরণপোষণের দায়িত্ব কত প্রকার?|৩ প্রকার|৪ প্রকার|২ প্রকার|৫ প্রকার|2
74|যাদের ওপর হিন্দু আইন প্রযোজ্য হবে—|জৈন ধর্মাবলম্বীগণ|শিখ ধর্মাবলম্বীগণ|আর্য সমাজ|উপরের সবকটি|3
75|স্ত্রীর পৃথক ভরণপোষণ ও বাসস্থানের অধিকার কোন আইন দ্বারা নিয়ন্ত্রিত হয়?|The Hindu Married Women's Right to Separate Residence and Maintenance Act, 1956|The Hindu Gains of Learning Act, 1930|The Hindu Married Women's Right to Separate Residence and Maintenance Act, 1946|The Hindu Gains of Learning Act, 1945|2
76|হিন্দু আইনে নাবালকের অভিভাবক কত প্রকার?|৩ প্রকার|২ প্রকার|৪ প্রকার|৬ প্রকার|0
77|হিন্দু আইনে একজন হিন্দু কখন সাবালক হয়?|১৫ বছর বয়সে|১৮ বছর বয়সে|১৬ বছর বয়সে|২১ বছর বয়সে|0
78|The Hindu Married Women's Right to Separate Residence and Maintenance Act, 1946-এর কত ধারায় পৃথক বাসস্থান ও ভরণপোষণ দাবি করার বিধান রয়েছে?|৩ ধারা|২ ধারা|৪ ধারা|৫ ধারা|1
79|The Hindu Married Women's Right to Separate Residence and Maintenance Act, 1946-এর অধীনে কয়টি কারণে হিন্দু স্ত্রী স্বামীর নিকট থেকে পৃথক বাসস্থান ও ভরণপোষণ দাবি করতে পারেন?|৪টি|৩টি|৬টি|৫টি|2
80|বিবাহিতা হিন্দু নারীর ভরণপোষণ নির্ধারণে আদালত কোন বিষয়গুলো বিবেচনা করে?|স্বামীর সামর্থ্য|নারীর প্রয়োজন|পক্ষগণের সামাজিক অবস্থান|উপরের সবকটি|3
81|কোন কারণে একজন হিন্দু বিবাহিতা মহিলা ভরণপোষণ পাওয়ার অধিকার হারায়?|পুনর্বিবাহের কারণে|অসতী হলে|ক এবং খ উভয়|বর্ণচ্যুতির কারণে|2
83|হিন্দু আইনের মৌলিক উৎস—|বেদ, স্মৃতি, পুরাণ|পুরাণ|প্রথা|বিচার বিভাগীয় সিদ্ধান্ত|0
84|হিন্দু মহিলা ভরণপোষণের জন্য মামলা করতে পারে কোথায়?|দেওয়ানি আদালতে|পারিবারিক আদালতে|ফৌজদারি আদালতে|উপরের কোনোটিই নয়|1
85|ভরণপোষণের অধিকার ঘোষণার সঙ্গে মামলা কত বছরের মধ্যে দায়ের করতে পারে?|৩ বছর|৫ বছর|১২ বছর|২ বছর|2
86|হিন্দু আইনে দেবোত্তর সম্পত্তি কত প্রকারের?|৩ প্রকার|৬ প্রকার|৪ প্রকার|২ প্রকার|3
87|পারিবারিক দেবতার পূজার উদ্দেশ্যে সম্পত্তি দান করলে তাকে কী বলে?|ব্যক্তিগত দেবোত্তর সম্পত্তি|সরকারি দেবোত্তর সম্পত্তি|দান|উপরের কোনোটিই নয়|0
88|দায়ভাগ মতানুসারে কয়জন মহিলা সপিণ্ড?|১ জন|৪ জন|৩ জন|৫ জন|3
90|মঠ বা জনহিতের উদ্দেশ্যে দেবমন্দিরে সম্পত্তি দান করলে তাকে কী বলে?|দান|সরকারি দেবোত্তর সম্পত্তি|ব্যক্তিগত দেবোত্তর সম্পত্তি|উপরের সবকটি|1
91|দেবোত্তর সম্পত্তির পরিচালক কী নামে পরিচিত?|সেবায়েত|মহন্ত|আচার্য|উপরের সবকটি|3
92|দেবোত্তর সম্পত্তির সেবায়েতের ক্ষেত্রে কোনটি সঠিক?|আইনগত প্রয়োজনে দেবোত্তর সম্পত্তি হস্তান্তর করতে পারে|সেবায়েত দেবোত্তর সম্পত্তির পরিচালক বা ট্রাস্টি|সেবায়েত সম্পত্তির মালিক না|উপরের সবকটি|3
93|দেবোত্তর সম্পত্তির ক্ষেত্রে কোন বিষয়টি প্রযোজ্য?|আইনগত প্রয়োজনে হস্তান্তরযোগ্য|হস্তান্তরযোগ্য নয়|সম্পত্তির হিতার্থে সেবায়েত এটি হস্তান্তর করতে পারে|উপরের সবকটি|3
94|হিন্দু আইনে কোন কারণে সেবায়েত অপসারিত হতে পারে?|অসদাচরণের জন্য|দায়িত্ব পালনে ব্যর্থ হলে|ধর্মীয় উৎসব বা দেবতার সম্পত্তি মঞ্জুরের জন্য|উপরের সবকটি|1
95|হিন্দু আইনে পুরুষ ও মহিলার উত্তরাধিকার সম্পর্কে কোন বক্তব্য সঠিক?|কোন মহিলা উত্তরাধিকারিণী হলে সম্পত্তিতে সীমিত মালিকানা থাকে|পুরুষ উত্তরাধিকারী হলে সম্পত্তিতে নিরঙ্কুশ মালিকানা থাকে|ক এবং খ উভয় সঠিক|উত্তরাধিকারসূত্রে নারী ও পুরুষ উভয়ের নিরঙ্কুশ মালিকানা থাকে|2
96|কোন মহিলা উত্তরাধিকারসূত্রে সম্পত্তির মালিক হয়ে পরবর্তীতে মৃত্যুবরণ করলে কী হয়?|নিজের নিকটতম উত্তরাধিকারীর নিকট অর্পিত হবে|সম্পত্তির মালিকের নিকটতম উত্তরাধিকারীর নিকট অর্পিত হবে|সম্পত্তির মালিকের নিকটতম উত্তরাধিকারীর নিকট অর্পিত হবে না|উপরের কোনোটিই নয়|1
97|বাংলাদেশের হিন্দুরা কোন পন্থী?|দায়ভাগ|মিতাক্ষরা|মিথিলা|উপরের কোনোটিই নয়|0
99|দায়ভাগ অনুসারে উত্তরাধিকারীদের শ্রেণী কয়টি?|৩টি|২টি|৪টি|৫টি|0
100|দায়ভাগ মতানুসারে কয়জন মহিলা সপিণ্ড আছে?|২ জন|৩ জন|৪ জন|৫ জন|3
101|হিন্দু আইনের সাধারণ নিয়ম অনুযায়ী সহ-অংশীদারি সম্পত্তিতে স্বার্থ অর্জিত হয় কিসের মাধ্যমে?|উত্তরাধিকারসূত্রে|জন্মগ্রহণের মাধ্যমে|বিবাহের মাধ্যমে|উপরের কোনোটিই নয়|1
102|ফ্যাক্টাম ভ্যালেন্ট নীতির অর্থ কী?|কোনো কাজ করা উচিত নয়, কিন্তু সম্পন্ন হলে তা অবৈধ|যা সম্পাদন করা উচিত, তা সম্পাদিত হলে বৈধ|যা সম্পাদন করা উচিত নয়, তা একবার সম্পাদিত হয়ে গেলে তা বৈধ বলে গণ্য হবে|উপরের কোনোটিই নয়|2
103|উত্তরাধিকারের ব্যাপারে হিন্দুদের মধ্যে কয়টি মতবাদ প্রচলিত?|৩টি|৪টি|২টি|৮টি|2
104|মিতাক্ষরা মতে উত্তরাধিকারের মাধ্যমে সম্পত্তি হস্তান্তরে কয়টি নীতি স্বীকৃত?|২টি|৪টি|৩টি|৭টি|0
105|দায়ভাগ মতে উত্তরাধিকারের মাধ্যমে সম্পত্তি হস্তান্তরে কয়টি নীতি স্বীকৃত?|১টি|২টি|৩টি|৪টি|0
106|পুত্রের কন্যা, কন্যার কন্যা, বোন ও বোনের পুত্র উত্তরাধিকার ক্রমে অন্তর্ভুক্ত হয়েছে কোন বিধানে?|The Hindu Law of Inheritance (Amendment) Act, 1929|The Caste Disabilities Removal Act, 1850|The Hindu Inheritance Removal of Disabilities Act, 1928|উপরের সবগুলো|3
107|হিন্দু আইনে পিণ্ডদান করতে পারে কে?|পিতা-মাতা|কন্যা সন্তান|পুত্র সন্তান|উপরের কোনোটিই নয়|2
108|কোন হিন্দু ধর্মান্তরিত হলে জাতিচ্যুত হওয়ার কারণে কী হবে?|উত্তরাধিকার থেকে বঞ্চিত হবে না|উত্তরাধিকার থেকে বঞ্চিত হবে|উত্তরাধিকার বাতিল হবে|উপরের কোনোটিই নয়|0
109|ধর্মত্যাগ, ধর্মান্তর বা বর্ণচ্যুতির কারণে উত্তরাধিকার থেকে বঞ্চিত হবে না—কোন আইনে বিধান আছে?|The Caste Disabilities Removal Act, 1850|The Native Converts Marriage Dissolution Act, 1866|The Hindu Inheritance Removal of Disabilities Act, 1928|উপরের কোনোটিই নয়|0
110|কোন আইনের মাধ্যমে হিন্দু মহিলাগণ স্বামীর মৃত্যুর পর সম্পত্তিতে স্বত্বাধিকারী হন?|উত্তরাধিকার আইন, ১৮২৫|হিন্দু মহিলার সম্পত্তির অধিকার আইন, ১৯৩৭|সম্পত্তি হস্তান্তর আইন, ১৮৮২|বিশেষ বিবাহ আইন, ১৮৭২|1
